Route,Tag
./images/Shrek/Emilio/0.png,Shrek
./images/Shrek/Emilio/1.png,Shrek
./images/Shrek/Emilio/2.png,Shrek
./images/Shrek/Emilio/3.png,Shrek
./images/Shrek/Emilio/4.png,Shrek
./images/Shrek/Emilio/5.png,Shrek
./images/Shrek/Emilio/6.png,Shrek
./images/Shrek/Emilio/7.png,Shrek
./images/Shrek/Emilio/8.png,Shrek
./images/Shrek/Emilio/9.png,Shrek
./images/Shrek/Emilio/10.png,Shrek
./images/Shrek/Emilio/11.png,Shrek
./images/Shrek/Emilio/12.png,Shrek
./images/Shrek/Emilio/13.png,Shrek
./images/Shrek/Emilio/14.png,Shrek
./images/Shrek/Emilio/15.png,Shrek
./images/Shrek/Emilio/16.png,Shrek
./images/Shrek/Emilio/17.png,Shrek
./images/Shrek/Emilio/18.png,Shrek
./images/Shrek/Emilio/19.png,Shrek
./images/Shrek/Emilio/20.png,Shrek
./images/Shrek/Emilio/21.png,Shrek
./images/Shrek/Emilio/22.png,Shrek
./images/Shrek/Emilio/23.png,Shrek
./images/Shrek/Emilio/24.png,Shrek
./images/Shrek/Emilio/25.png,Shrek
./images/Shrek/Emilio/26.png,Shrek
./images/Shrek/Emilio/27.png,Shrek
./images/Shrek/Emilio/28.png,Shrek
./images/Shrek/Emilio/29.png,Shrek
./images/Shrek/Emilio/30.png,Shrek
./images/Shrek/Emilio/31.png,Shrek
./images/Shrek/Emilio/32.png,Shrek
./images/Shrek/Emilio/33.png,Shrek
./images/Shrek/Emilio/34.png,Shrek
./images/Shrek/Emilio/35.png,Shrek
./images/Shrek/Emilio/36.png,Shrek
./images/Shrek/Emilio/37.png,Shrek
./images/Shrek/Emilio/38.png,Shrek
./images/Shrek/Emilio/39.png,Shrek
./images/Shrek/Emilio/40.png,Shrek
./images/Shrek/Emilio/41.png,Shrek
./images/Shrek/Emilio/42.png,Shrek
./images/Shrek/Emilio/43.png,Shrek
./images/Shrek/Emilio/44.png,Shrek
./images/Shrek/Emilio/45.png,Shrek
./images/Shrek/Emilio/46.png,Shrek
./images/Shrek/Emilio/47.png,Shrek
./images/Shrek/Emilio/48.png,Shrek
./images/Shrek/Emilio/49.png,Shrek
./images/Shrek/Emilio/50.png,Shrek
./images/Shrek/Emilio/51.png,Shrek
./images/Shrek/Emilio/52.png,Shrek
./images/Shrek/Emilio/53.png,Shrek
./images/Shrek/Emilio/54.png,Shrek
./images/Shrek/Emilio/55.png,Shrek
./images/Shrek/Emilio/56.png,Shrek
./images/Shrek/Emilio/57.png,Shrek
./images/Shrek/Emilio/58.png,Shrek
./images/Shrek/Emilio/59.png,Shrek
./images/Shrek/Emilio/60.png,Shrek
./images/Shrek/Emilio/61.png,Shrek
./images/Shrek/Emilio/62.png,Shrek
./images/Shrek/Emilio/63.png,Shrek
./images/Shrek/Emilio/64.png,Shrek
./images/Shrek/Emilio/65.png,Shrek
./images/Shrek/Emilio/66.png,Shrek
./images/Shrek/Emilio/67.png,Shrek
./images/Shrek/Emilio/68.png,Shrek
./images/Shrek/Emilio/69.png,Shrek
./images/Shrek/Emilio/70.png,Shrek
./images/Shrek/Emilio/71.png,Shrek
./images/Shrek/Emilio/72.png,Shrek
./images/Shrek/Emilio/73.png,Shrek
./images/Shrek/Emilio/74.png,Shrek
./images/Shrek/Emilio/75.png,Shrek
./images/Shrek/Emilio/76.png,Shrek
./images/Shrek/Emilio/77.png,Shrek
./images/Shrek/Emilio/78.png,Shrek
./images/Shrek/Emilio/79.png,Shrek
./images/Shrek/Emilio/80.png,Shrek
./images/Shrek/Emilio/81.png,Shrek
./images/Shrek/Emilio/82.png,Shrek
./images/Shrek/Emilio/83.png,Shrek
./images/Shrek/Emilio/84.png,Shrek
./images/Shrek/Emilio/85.png,Shrek
./images/Shrek/Emilio/86.png,Shrek
./images/Shrek/Emilio/87.png,Shrek
./images/Shrek/Emilio/88.png,Shrek
./images/Shrek/Emilio/89.png,Shrek
./images/Shrek/Emilio/90.png,Shrek
./images/Shrek/Emilio/91.png,Shrek
./images/Shrek/Emilio/92.png,Shrek
./images/Shrek/Emilio/93.png,Shrek
./images/Shrek/Emilio/94.png,Shrek
./images/Shrek/Emilio/95.png,Shrek
./images/Shrek/Emilio/96.png,Shrek
./images/Shrek/Emilio/97.png,Shrek
./images/Shrek/Emilio/98.png,Shrek
./images/Shrek/Emilio/99.png,Shrek
./images/Shrek/Gabriel/0.png,Shrek
./images/Shrek/Gabriel/1.png,Shrek
./images/Shrek/Gabriel/2.png,Shrek
./images/Shrek/Gabriel/3.png,Shrek
./images/Shrek/Gabriel/4.png,Shrek
./images/Shrek/Gabriel/5.png,Shrek
./images/Shrek/Gabriel/6.png,Shrek
./images/Shrek/Gabriel/7.png,Shrek
./images/Shrek/Gabriel/8.png,Shrek
./images/Shrek/Gabriel/9.png,Shrek
./images/Shrek/Gabriel/10.png,Shrek
./images/Shrek/Gabriel/11.png,Shrek
./images/Shrek/Gabriel/12.png,Shrek
./images/Shrek/Gabriel/13.png,Shrek
./images/Shrek/Gabriel/14.png,Shrek
./images/Shrek/Gabriel/15.png,Shrek
./images/Shrek/Gabriel/16.png,Shrek
./images/Shrek/Gabriel/17.png,Shrek
./images/Shrek/Gabriel/18.png,Shrek
./images/Shrek/Gabriel/19.png,Shrek
./images/Shrek/Gabriel/20.png,Shrek
./images/Shrek/Gabriel/21.png,Shrek
./images/Shrek/Gabriel/22.png,Shrek
./images/Shrek/Gabriel/23.png,Shrek
./images/Shrek/Gabriel/24.png,Shrek
./images/Shrek/Gabriel/25.png,Shrek
./images/Shrek/Gabriel/26.png,Shrek
./images/Shrek/Gabriel/27.png,Shrek
./images/Shrek/Gabriel/28.png,Shrek
./images/Shrek/Gabriel/29.png,Shrek
./images/Shrek/Gabriel/30.png,Shrek
./images/Shrek/Gabriel/31.png,Shrek
./images/Shrek/Gabriel/32.png,Shrek
./images/Shrek/Gabriel/33.png,Shrek
./images/Shrek/Gabriel/34.png,Shrek
./images/Shrek/Gabriel/35.png,Shrek
./images/Shrek/Gabriel/36.png,Shrek
./images/Shrek/Gabriel/37.png,Shrek
./images/Shrek/Gabriel/38.png,Shrek
./images/Shrek/Gabriel/39.png,Shrek
./images/Shrek/Gabriel/40.png,Shrek
./images/Shrek/Gabriel/41.png,Shrek
./images/Shrek/Gabriel/42.png,Shrek
./images/Shrek/Gabriel/43.png,Shrek
./images/Shrek/Gabriel/44.png,Shrek
./images/Shrek/Gabriel/45.png,Shrek
./images/Shrek/Gabriel/46.png,Shrek
./images/Shrek/Gabriel/47.png,Shrek
./images/Shrek/Gabriel/48.png,Shrek
./images/Shrek/Gabriel/49.png,Shrek
./images/Shrek/Gabriel/50.png,Shrek
./images/Shrek/Gabriel/51.png,Shrek
./images/Shrek/Gabriel/52.png,Shrek
./images/Shrek/Gabriel/53.png,Shrek
./images/Shrek/Gabriel/54.png,Shrek
./images/Shrek/Gabriel/55.png,Shrek
./images/Shrek/Gabriel/56.png,Shrek
./images/Shrek/Gabriel/57.png,Shrek
./images/Shrek/Gabriel/58.png,Shrek
./images/Shrek/Gabriel/59.png,Shrek
./images/Shrek/Gabriel/60.png,Shrek
./images/Shrek/Gabriel/61.png,Shrek
./images/Shrek/Gabriel/62.png,Shrek
./images/Shrek/Gabriel/63.png,Shrek
./images/Shrek/Gabriel/64.png,Shrek
./images/Shrek/Gabriel/65.png,Shrek
./images/Shrek/Gabriel/66.png,Shrek
./images/Shrek/Gabriel/67.png,Shrek
./images/Shrek/Gabriel/68.png,Shrek
./images/Shrek/Gabriel/69.png,Shrek
./images/Shrek/Gabriel/70.png,Shrek
./images/Shrek/Gabriel/71.png,Shrek
./images/Shrek/Gabriel/72.png,Shrek
./images/Shrek/Gabriel/73.png,Shrek
./images/Shrek/Gabriel/74.png,Shrek
./images/Shrek/Gabriel/75.png,Shrek
./images/Shrek/Gabriel/76.png,Shrek
./images/Shrek/Gabriel/77.png,Shrek
./images/Shrek/Gabriel/78.png,Shrek
./images/Shrek/Gabriel/79.png,Shrek
./images/Shrek/Gabriel/80.png,Shrek
./images/Shrek/Gabriel/81.png,Shrek
./images/Shrek/Gabriel/82.png,Shrek
./images/Shrek/Gabriel/83.png,Shrek
./images/Shrek/Gabriel/84.png,Shrek
./images/Shrek/Gabriel/85.png,Shrek
./images/Shrek/Gabriel/86.png,Shrek
./images/Shrek/Gabriel/87.png,Shrek
./images/Shrek/Gabriel/88.png,Shrek
./images/Shrek/Gabriel/89.png,Shrek
./images/Shrek/Gabriel/90.png,Shrek
./images/Shrek/Gabriel/91.png,Shrek
./images/Shrek/Gabriel/92.png,Shrek
./images/Shrek/Gabriel/93.png,Shrek
./images/Shrek/Gabriel/94.png,Shrek
./images/Shrek/Gabriel/95.png,Shrek
./images/Shrek/Gabriel/96.png,Shrek
./images/Shrek/Gabriel/97.png,Shrek
./images/Shrek/Gabriel/98.png,Shrek
./images/Shrek/Gabriel/99.png,Shrek
./images/Shrek/Luis/0.png,Shrek
./images/Shrek/Luis/1.png,Shrek
./images/Shrek/Luis/2.png,Shrek
./images/Shrek/Luis/3.png,Shrek
./images/Shrek/Luis/4.png,Shrek
./images/Shrek/Luis/5.png,Shrek
./images/Shrek/Luis/6.png,Shrek
./images/Shrek/Luis/7.png,Shrek
./images/Shrek/Luis/8.png,Shrek
./images/Shrek/Luis/9.png,Shrek
./images/Shrek/Luis/10.png,Shrek
./images/Shrek/Luis/11.png,Shrek
./images/Shrek/Luis/12.png,Shrek
./images/Shrek/Luis/13.png,Shrek
./images/Shrek/Luis/14.png,Shrek
./images/Shrek/Luis/15.png,Shrek
./images/Shrek/Luis/16.png,Shrek
./images/Shrek/Luis/17.png,Shrek
./images/Shrek/Luis/18.png,Shrek
./images/Shrek/Luis/19.png,Shrek
./images/Shrek/Luis/20.png,Shrek
./images/Shrek/Luis/21.png,Shrek
./images/Shrek/Luis/22.png,Shrek
./images/Shrek/Luis/23.png,Shrek
./images/Shrek/Luis/24.png,Shrek
./images/Shrek/Luis/25.png,Shrek
./images/Shrek/Luis/26.png,Shrek
./images/Shrek/Luis/27.png,Shrek
./images/Shrek/Luis/28.png,Shrek
./images/Shrek/Luis/29.png,Shrek
./images/Shrek/Luis/30.png,Shrek
./images/Shrek/Luis/31.png,Shrek
./images/Shrek/Luis/32.png,Shrek
./images/Shrek/Luis/33.png,Shrek
./images/Shrek/Luis/34.png,Shrek
./images/Shrek/Luis/35.png,Shrek
./images/Shrek/Luis/36.png,Shrek
./images/Shrek/Luis/37.png,Shrek
./images/Shrek/Luis/38.png,Shrek
./images/Shrek/Luis/39.png,Shrek
./images/Shrek/Luis/40.png,Shrek
./images/Shrek/Luis/41.png,Shrek
./images/Shrek/Luis/42.png,Shrek
./images/Shrek/Luis/43.png,Shrek
./images/Shrek/Luis/44.png,Shrek
./images/Shrek/Luis/45.png,Shrek
./images/Shrek/Luis/46.png,Shrek
./images/Shrek/Luis/47.png,Shrek
./images/Shrek/Luis/48.png,Shrek
./images/Shrek/Luis/49.png,Shrek
./images/Shrek/Luis/50.png,Shrek
./images/Shrek/Luis/51.png,Shrek
./images/Shrek/Luis/52.png,Shrek
./images/Shrek/Luis/53.png,Shrek
./images/Shrek/Luis/54.png,Shrek
./images/Shrek/Luis/55.png,Shrek
./images/Shrek/Luis/56.png,Shrek
./images/Shrek/Luis/57.png,Shrek
./images/Shrek/Luis/58.png,Shrek
./images/Shrek/Luis/59.png,Shrek
./images/Shrek/Luis/60.png,Shrek
./images/Shrek/Luis/61.png,Shrek
./images/Shrek/Luis/62.png,Shrek
./images/Shrek/Luis/63.png,Shrek
./images/Shrek/Luis/64.png,Shrek
./images/Shrek/Luis/65.png,Shrek
./images/Shrek/Luis/66.png,Shrek
./images/Shrek/Luis/67.png,Shrek
./images/Shrek/Luis/68.png,Shrek
./images/Shrek/Luis/69.png,Shrek
./images/Shrek/Luis/70.png,Shrek
./images/Shrek/Luis/71.png,Shrek
./images/Shrek/Luis/72.png,Shrek
./images/Shrek/Luis/73.png,Shrek
./images/Shrek/Luis/74.png,Shrek
./images/Shrek/Luis/75.png,Shrek
./images/Shrek/Luis/76.png,Shrek
./images/Shrek/Luis/77.png,Shrek
./images/Shrek/Luis/78.png,Shrek
./images/Shrek/Luis/79.png,Shrek
./images/Shrek/Luis/80.png,Shrek
./images/Shrek/Luis/81.png,Shrek
./images/Shrek/Luis/82.png,Shrek
./images/Shrek/Luis/83.png,Shrek
./images/Shrek/Luis/84.png,Shrek
./images/Shrek/Luis/85.png,Shrek
./images/Shrek/Luis/86.png,Shrek
./images/Shrek/Luis/87.png,Shrek
./images/Shrek/Luis/88.png,Shrek
./images/Shrek/Luis/89.png,Shrek
./images/Shrek/Luis/90.png,Shrek
./images/Shrek/Luis/91.png,Shrek
./images/Shrek/Luis/92.png,Shrek
./images/Shrek/Luis/93.png,Shrek
./images/Shrek/Luis/94.png,Shrek
./images/Shrek/Luis/95.png,Shrek
./images/Shrek/Luis/96.png,Shrek
./images/Shrek/Luis/97.png,Shrek
./images/Shrek/Luis/98.png,Shrek
./images/Shrek/Luis/99.png,Shrek
./images/Shrek/Quique/0.png,Shrek
./images/Shrek/Quique/1.png,Shrek
./images/Shrek/Quique/2.png,Shrek
./images/Shrek/Quique/3.png,Shrek
./images/Shrek/Quique/4.png,Shrek
./images/Shrek/Quique/5.png,Shrek
./images/Shrek/Quique/6.png,Shrek
./images/Shrek/Quique/7.png,Shrek
./images/Shrek/Quique/8.png,Shrek
./images/Shrek/Quique/9.png,Shrek
./images/Shrek/Quique/10.png,Shrek
./images/Shrek/Quique/11.png,Shrek
./images/Shrek/Quique/12.png,Shrek
./images/Shrek/Quique/13.png,Shrek
./images/Shrek/Quique/14.png,Shrek
./images/Shrek/Quique/15.png,Shrek
./images/Shrek/Quique/16.png,Shrek
./images/Shrek/Quique/17.png,Shrek
./images/Shrek/Quique/18.png,Shrek
./images/Shrek/Quique/19.png,Shrek
./images/Shrek/Quique/20.png,Shrek
./images/Shrek/Quique/21.png,Shrek
./images/Shrek/Quique/22.png,Shrek
./images/Shrek/Quique/23.png,Shrek
./images/Shrek/Quique/24.png,Shrek
./images/Shrek/Quique/25.png,Shrek
./images/Shrek/Quique/26.png,Shrek
./images/Shrek/Quique/27.png,Shrek
./images/Shrek/Quique/28.png,Shrek
./images/Shrek/Quique/29.png,Shrek
./images/Shrek/Quique/30.png,Shrek
./images/Shrek/Quique/31.png,Shrek
./images/Shrek/Quique/32.png,Shrek
./images/Shrek/Quique/33.png,Shrek
./images/Shrek/Quique/34.png,Shrek
./images/Shrek/Quique/35.png,Shrek
./images/Shrek/Quique/36.png,Shrek
./images/Shrek/Quique/37.png,Shrek
./images/Shrek/Quique/38.png,Shrek
./images/Shrek/Quique/39.png,Shrek
./images/Shrek/Quique/40.png,Shrek
./images/Shrek/Quique/41.png,Shrek
./images/Shrek/Quique/42.png,Shrek
./images/Shrek/Quique/43.png,Shrek
./images/Shrek/Quique/44.png,Shrek
./images/Shrek/Quique/45.png,Shrek
./images/Shrek/Quique/46.png,Shrek
./images/Shrek/Quique/47.png,Shrek
./images/Shrek/Quique/48.png,Shrek
./images/Shrek/Quique/49.png,Shrek
./images/Shrek/Quique/50.png,Shrek
./images/Shrek/Quique/51.png,Shrek
./images/Shrek/Quique/52.png,Shrek
./images/Shrek/Quique/53.png,Shrek
./images/Shrek/Quique/54.png,Shrek
./images/Shrek/Quique/55.png,Shrek
./images/Shrek/Quique/56.png,Shrek
./images/Shrek/Quique/57.png,Shrek
./images/Shrek/Quique/58.png,Shrek
./images/Shrek/Quique/59.png,Shrek
./images/Shrek/Quique/60.png,Shrek
./images/Shrek/Quique/61.png,Shrek
./images/Shrek/Quique/62.png,Shrek
./images/Shrek/Quique/63.png,Shrek
./images/Shrek/Quique/64.png,Shrek
./images/Shrek/Quique/65.png,Shrek
./images/Shrek/Quique/66.png,Shrek
./images/Shrek/Quique/67.png,Shrek
./images/Shrek/Quique/68.png,Shrek
./images/Shrek/Quique/69.png,Shrek
./images/Shrek/Quique/70.png,Shrek
./images/Shrek/Quique/71.png,Shrek
./images/Shrek/Quique/72.png,Shrek
./images/Shrek/Quique/73.png,Shrek
./images/Shrek/Quique/74.png,Shrek
./images/Shrek/Quique/75.png,Shrek
./images/Shrek/Quique/76.png,Shrek
./images/Shrek/Quique/77.png,Shrek
./images/Shrek/Quique/78.png,Shrek
./images/Shrek/Quique/79.png,Shrek
./images/Shrek/Quique/80.png,Shrek
./images/Shrek/Quique/81.png,Shrek
./images/Shrek/Quique/82.png,Shrek
./images/Shrek/Quique/83.png,Shrek
./images/Shrek/Quique/84.png,Shrek
./images/Shrek/Quique/85.png,Shrek
./images/Shrek/Quique/86.png,Shrek
./images/Shrek/Quique/87.png,Shrek
./images/Shrek/Quique/88.png,Shrek
./images/Shrek/Quique/89.png,Shrek
./images/Shrek/Quique/90.png,Shrek
./images/Shrek/Quique/91.png,Shrek
./images/Shrek/Quique/92.png,Shrek
./images/Shrek/Quique/93.png,Shrek
./images/Shrek/Quique/94.png,Shrek
./images/Shrek/Quique/95.png,Shrek
./images/Shrek/Quique/96.png,Shrek
./images/Shrek/Quique/97.png,Shrek
./images/Shrek/Quique/98.png,Shrek
./images/Shrek/Quique/99.png,Shrek
./images/DemonSlayer/Emilio/0.png,DemonSlayer
./images/DemonSlayer/Emilio/1.png,DemonSlayer
./images/DemonSlayer/Emilio/2.png,DemonSlayer
./images/DemonSlayer/Emilio/3.png,DemonSlayer
./images/DemonSlayer/Emilio/4.png,DemonSlayer
./images/DemonSlayer/Emilio/5.png,DemonSlayer
./images/DemonSlayer/Emilio/6.png,DemonSlayer
./images/DemonSlayer/Emilio/7.png,DemonSlayer
./images/DemonSlayer/Emilio/8.png,DemonSlayer
./images/DemonSlayer/Emilio/9.png,DemonSlayer
./images/DemonSlayer/Emilio/10.png,DemonSlayer
./images/DemonSlayer/Emilio/11.png,DemonSlayer
./images/DemonSlayer/Emilio/12.png,DemonSlayer
./images/DemonSlayer/Emilio/13.png,DemonSlayer
./images/DemonSlayer/Emilio/14.png,DemonSlayer
./images/DemonSlayer/Emilio/15.png,DemonSlayer
./images/DemonSlayer/Emilio/16.png,DemonSlayer
./images/DemonSlayer/Emilio/17.png,DemonSlayer
./images/DemonSlayer/Emilio/18.png,DemonSlayer
./images/DemonSlayer/Emilio/19.png,DemonSlayer
./images/DemonSlayer/Emilio/20.png,DemonSlayer
./images/DemonSlayer/Emilio/21.png,DemonSlayer
./images/DemonSlayer/Emilio/22.png,DemonSlayer
./images/DemonSlayer/Emilio/23.png,DemonSlayer
./images/DemonSlayer/Emilio/24.png,DemonSlayer
./images/DemonSlayer/Emilio/25.png,DemonSlayer
./images/DemonSlayer/Emilio/26.png,DemonSlayer
./images/DemonSlayer/Emilio/27.png,DemonSlayer
./images/DemonSlayer/Emilio/28.png,DemonSlayer
./images/DemonSlayer/Emilio/29.png,DemonSlayer
./images/DemonSlayer/Emilio/30.png,DemonSlayer
./images/DemonSlayer/Emilio/31.png,DemonSlayer
./images/DemonSlayer/Emilio/32.png,DemonSlayer
./images/DemonSlayer/Emilio/33.png,DemonSlayer
./images/DemonSlayer/Emilio/34.png,DemonSlayer
./images/DemonSlayer/Emilio/35.png,DemonSlayer
./images/DemonSlayer/Emilio/36.png,DemonSlayer
./images/DemonSlayer/Emilio/37.png,DemonSlayer
./images/DemonSlayer/Emilio/38.png,DemonSlayer
./images/DemonSlayer/Emilio/39.png,DemonSlayer
./images/DemonSlayer/Emilio/40.png,DemonSlayer
./images/DemonSlayer/Emilio/41.png,DemonSlayer
./images/DemonSlayer/Emilio/42.png,DemonSlayer
./images/DemonSlayer/Emilio/43.png,DemonSlayer
./images/DemonSlayer/Emilio/44.png,DemonSlayer
./images/DemonSlayer/Emilio/45.png,DemonSlayer
./images/DemonSlayer/Emilio/46.png,DemonSlayer
./images/DemonSlayer/Emilio/47.png,DemonSlayer
./images/DemonSlayer/Emilio/48.png,DemonSlayer
./images/DemonSlayer/Emilio/49.png,DemonSlayer
./images/DemonSlayer/Emilio/50.png,DemonSlayer
./images/DemonSlayer/Emilio/51.png,DemonSlayer
./images/DemonSlayer/Emilio/52.png,DemonSlayer
./images/DemonSlayer/Emilio/53.png,DemonSlayer
./images/DemonSlayer/Emilio/54.png,DemonSlayer
./images/DemonSlayer/Emilio/55.png,DemonSlayer
./images/DemonSlayer/Emilio/56.png,DemonSlayer
./images/DemonSlayer/Emilio/57.png,DemonSlayer
./images/DemonSlayer/Emilio/58.png,DemonSlayer
./images/DemonSlayer/Emilio/59.png,DemonSlayer
./images/DemonSlayer/Emilio/60.png,DemonSlayer
./images/DemonSlayer/Emilio/61.png,DemonSlayer
./images/DemonSlayer/Emilio/62.png,DemonSlayer
./images/DemonSlayer/Emilio/63.png,DemonSlayer
./images/DemonSlayer/Emilio/64.png,DemonSlayer
./images/DemonSlayer/Emilio/65.png,DemonSlayer
./images/DemonSlayer/Emilio/66.png,DemonSlayer
./images/DemonSlayer/Emilio/67.png,DemonSlayer
./images/DemonSlayer/Emilio/68.png,DemonSlayer
./images/DemonSlayer/Emilio/69.png,DemonSlayer
./images/DemonSlayer/Emilio/70.png,DemonSlayer
./images/DemonSlayer/Emilio/71.png,DemonSlayer
./images/DemonSlayer/Emilio/72.png,DemonSlayer
./images/DemonSlayer/Emilio/73.png,DemonSlayer
./images/DemonSlayer/Emilio/74.png,DemonSlayer
./images/DemonSlayer/Emilio/75.png,DemonSlayer
./images/DemonSlayer/Emilio/76.png,DemonSlayer
./images/DemonSlayer/Emilio/77.png,DemonSlayer
./images/DemonSlayer/Emilio/78.png,DemonSlayer
./images/DemonSlayer/Emilio/79.png,DemonSlayer
./images/DemonSlayer/Emilio/80.png,DemonSlayer
./images/DemonSlayer/Emilio/81.png,DemonSlayer
./images/DemonSlayer/Emilio/82.png,DemonSlayer
./images/DemonSlayer/Emilio/83.png,DemonSlayer
./images/DemonSlayer/Emilio/84.png,DemonSlayer
./images/DemonSlayer/Emilio/85.png,DemonSlayer
./images/DemonSlayer/Emilio/86.png,DemonSlayer
./images/DemonSlayer/Emilio/87.png,DemonSlayer
./images/DemonSlayer/Emilio/88.png,DemonSlayer
./images/DemonSlayer/Emilio/89.png,DemonSlayer
./images/DemonSlayer/Emilio/90.png,DemonSlayer
./images/DemonSlayer/Emilio/91.png,DemonSlayer
./images/DemonSlayer/Emilio/92.png,DemonSlayer
./images/DemonSlayer/Emilio/93.png,DemonSlayer
./images/DemonSlayer/Emilio/94.png,DemonSlayer
./images/DemonSlayer/Emilio/95.png,DemonSlayer
./images/DemonSlayer/Emilio/96.png,DemonSlayer
./images/DemonSlayer/Emilio/97.png,DemonSlayer
./images/DemonSlayer/Emilio/98.png,DemonSlayer
./images/DemonSlayer/Emilio/99.png,DemonSlayer
./images/DemonSlayer/Gabriel/0.png,DemonSlayer
./images/DemonSlayer/Gabriel/1.png,DemonSlayer
./images/DemonSlayer/Gabriel/2.png,DemonSlayer
./images/DemonSlayer/Gabriel/3.png,DemonSlayer
./images/DemonSlayer/Gabriel/4.png,DemonSlayer
./images/DemonSlayer/Gabriel/5.png,DemonSlayer
./images/DemonSlayer/Gabriel/6.png,DemonSlayer
./images/DemonSlayer/Gabriel/7.png,DemonSlayer
./images/DemonSlayer/Gabriel/8.png,DemonSlayer
./images/DemonSlayer/Gabriel/9.png,DemonSlayer
./images/DemonSlayer/Gabriel/10.png,DemonSlayer
./images/DemonSlayer/Gabriel/11.png,DemonSlayer
./images/DemonSlayer/Gabriel/12.png,DemonSlayer
./images/DemonSlayer/Gabriel/13.png,DemonSlayer
./images/DemonSlayer/Gabriel/14.png,DemonSlayer
./images/DemonSlayer/Gabriel/15.png,DemonSlayer
./images/DemonSlayer/Gabriel/16.png,DemonSlayer
./images/DemonSlayer/Gabriel/17.png,DemonSlayer
./images/DemonSlayer/Gabriel/18.png,DemonSlayer
./images/DemonSlayer/Gabriel/19.png,DemonSlayer
./images/DemonSlayer/Gabriel/20.png,DemonSlayer
./images/DemonSlayer/Gabriel/21.png,DemonSlayer
./images/DemonSlayer/Gabriel/22.png,DemonSlayer
./images/DemonSlayer/Gabriel/23.png,DemonSlayer
./images/DemonSlayer/Gabriel/24.png,DemonSlayer
./images/DemonSlayer/Gabriel/25.png,DemonSlayer
./images/DemonSlayer/Gabriel/26.png,DemonSlayer
./images/DemonSlayer/Gabriel/27.png,DemonSlayer
./images/DemonSlayer/Gabriel/28.png,DemonSlayer
./images/DemonSlayer/Gabriel/29.png,DemonSlayer
./images/DemonSlayer/Gabriel/30.png,DemonSlayer
./images/DemonSlayer/Gabriel/31.png,DemonSlayer
./images/DemonSlayer/Gabriel/32.png,DemonSlayer
./images/DemonSlayer/Gabriel/33.png,DemonSlayer
./images/DemonSlayer/Gabriel/34.png,DemonSlayer
./images/DemonSlayer/Gabriel/35.png,DemonSlayer
./images/DemonSlayer/Gabriel/36.png,DemonSlayer
./images/DemonSlayer/Gabriel/37.png,DemonSlayer
./images/DemonSlayer/Gabriel/38.png,DemonSlayer
./images/DemonSlayer/Gabriel/39.png,DemonSlayer
./images/DemonSlayer/Gabriel/40.png,DemonSlayer
./images/DemonSlayer/Gabriel/41.png,DemonSlayer
./images/DemonSlayer/Gabriel/42.png,DemonSlayer
./images/DemonSlayer/Gabriel/43.png,DemonSlayer
./images/DemonSlayer/Gabriel/44.png,DemonSlayer
./images/DemonSlayer/Gabriel/45.png,DemonSlayer
./images/DemonSlayer/Gabriel/46.png,DemonSlayer
./images/DemonSlayer/Gabriel/47.png,DemonSlayer
./images/DemonSlayer/Gabriel/48.png,DemonSlayer
./images/DemonSlayer/Gabriel/49.png,DemonSlayer
./images/DemonSlayer/Gabriel/50.png,DemonSlayer
./images/DemonSlayer/Gabriel/51.png,DemonSlayer
./images/DemonSlayer/Gabriel/52.png,DemonSlayer
./images/DemonSlayer/Gabriel/53.png,DemonSlayer
./images/DemonSlayer/Gabriel/54.png,DemonSlayer
./images/DemonSlayer/Gabriel/55.png,DemonSlayer
./images/DemonSlayer/Gabriel/56.png,DemonSlayer
./images/DemonSlayer/Gabriel/57.png,DemonSlayer
./images/DemonSlayer/Gabriel/58.png,DemonSlayer
./images/DemonSlayer/Gabriel/59.png,DemonSlayer
./images/DemonSlayer/Gabriel/60.png,DemonSlayer
./images/DemonSlayer/Gabriel/61.png,DemonSlayer
./images/DemonSlayer/Gabriel/62.png,DemonSlayer
./images/DemonSlayer/Gabriel/63.png,DemonSlayer
./images/DemonSlayer/Gabriel/64.png,DemonSlayer
./images/DemonSlayer/Gabriel/65.png,DemonSlayer
./images/DemonSlayer/Gabriel/66.png,DemonSlayer
./images/DemonSlayer/Gabriel/67.png,DemonSlayer
./images/DemonSlayer/Gabriel/68.png,DemonSlayer
./images/DemonSlayer/Gabriel/69.png,DemonSlayer
./images/DemonSlayer/Gabriel/70.png,DemonSlayer
./images/DemonSlayer/Gabriel/71.png,DemonSlayer
./images/DemonSlayer/Gabriel/72.png,DemonSlayer
./images/DemonSlayer/Gabriel/73.png,DemonSlayer
./images/DemonSlayer/Gabriel/74.png,DemonSlayer
./images/DemonSlayer/Gabriel/75.png,DemonSlayer
./images/DemonSlayer/Gabriel/76.png,DemonSlayer
./images/DemonSlayer/Gabriel/77.png,DemonSlayer
./images/DemonSlayer/Gabriel/78.png,DemonSlayer
./images/DemonSlayer/Gabriel/79.png,DemonSlayer
./images/DemonSlayer/Gabriel/80.png,DemonSlayer
./images/DemonSlayer/Gabriel/81.png,DemonSlayer
./images/DemonSlayer/Gabriel/82.png,DemonSlayer
./images/DemonSlayer/Gabriel/83.png,DemonSlayer
./images/DemonSlayer/Gabriel/84.png,DemonSlayer
./images/DemonSlayer/Gabriel/85.png,DemonSlayer
./images/DemonSlayer/Gabriel/86.png,DemonSlayer
./images/DemonSlayer/Gabriel/87.png,DemonSlayer
./images/DemonSlayer/Gabriel/88.png,DemonSlayer
./images/DemonSlayer/Gabriel/89.png,DemonSlayer
./images/DemonSlayer/Gabriel/90.png,DemonSlayer
./images/DemonSlayer/Gabriel/91.png,DemonSlayer
./images/DemonSlayer/Gabriel/92.png,DemonSlayer
./images/DemonSlayer/Gabriel/93.png,DemonSlayer
./images/DemonSlayer/Gabriel/94.png,DemonSlayer
./images/DemonSlayer/Gabriel/95.png,DemonSlayer
./images/DemonSlayer/Gabriel/96.png,DemonSlayer
./images/DemonSlayer/Gabriel/97.png,DemonSlayer
./images/DemonSlayer/Gabriel/98.png,DemonSlayer
./images/DemonSlayer/Gabriel/99.png,DemonSlayer
./images/DemonSlayer/Luis/0.png,DemonSlayer
./images/DemonSlayer/Luis/1.png,DemonSlayer
./images/DemonSlayer/Luis/2.png,DemonSlayer
./images/DemonSlayer/Luis/3.png,DemonSlayer
./images/DemonSlayer/Luis/4.png,DemonSlayer
./images/DemonSlayer/Luis/5.png,DemonSlayer
./images/DemonSlayer/Luis/6.png,DemonSlayer
./images/DemonSlayer/Luis/7.png,DemonSlayer
./images/DemonSlayer/Luis/8.png,DemonSlayer
./images/DemonSlayer/Luis/9.png,DemonSlayer
./images/DemonSlayer/Luis/10.png,DemonSlayer
./images/DemonSlayer/Luis/11.png,DemonSlayer
./images/DemonSlayer/Luis/12.png,DemonSlayer
./images/DemonSlayer/Luis/13.png,DemonSlayer
./images/DemonSlayer/Luis/14.png,DemonSlayer
./images/DemonSlayer/Luis/15.png,DemonSlayer
./images/DemonSlayer/Luis/16.png,DemonSlayer
./images/DemonSlayer/Luis/17.png,DemonSlayer
./images/DemonSlayer/Luis/18.png,DemonSlayer
./images/DemonSlayer/Luis/19.png,DemonSlayer
./images/DemonSlayer/Luis/20.png,DemonSlayer
./images/DemonSlayer/Luis/21.png,DemonSlayer
./images/DemonSlayer/Luis/22.png,DemonSlayer
./images/DemonSlayer/Luis/23.png,DemonSlayer
./images/DemonSlayer/Luis/24.png,DemonSlayer
./images/DemonSlayer/Luis/25.png,DemonSlayer
./images/DemonSlayer/Luis/26.png,DemonSlayer
./images/DemonSlayer/Luis/27.png,DemonSlayer
./images/DemonSlayer/Luis/28.png,DemonSlayer
./images/DemonSlayer/Luis/29.png,DemonSlayer
./images/DemonSlayer/Luis/30.png,DemonSlayer
./images/DemonSlayer/Luis/31.png,DemonSlayer
./images/DemonSlayer/Luis/32.png,DemonSlayer
./images/DemonSlayer/Luis/33.png,DemonSlayer
./images/DemonSlayer/Luis/34.png,DemonSlayer
./images/DemonSlayer/Luis/35.png,DemonSlayer
./images/DemonSlayer/Luis/36.png,DemonSlayer
./images/DemonSlayer/Luis/37.png,DemonSlayer
./images/DemonSlayer/Luis/38.png,DemonSlayer
./images/DemonSlayer/Luis/39.png,DemonSlayer
./images/DemonSlayer/Luis/40.png,DemonSlayer
./images/DemonSlayer/Luis/41.png,DemonSlayer
./images/DemonSlayer/Luis/42.png,DemonSlayer
./images/DemonSlayer/Luis/43.png,DemonSlayer
./images/DemonSlayer/Luis/44.png,DemonSlayer
./images/DemonSlayer/Luis/45.png,DemonSlayer
./images/DemonSlayer/Luis/46.png,DemonSlayer
./images/DemonSlayer/Luis/47.png,DemonSlayer
./images/DemonSlayer/Luis/48.png,DemonSlayer
./images/DemonSlayer/Luis/49.png,DemonSlayer
./images/DemonSlayer/Luis/50.png,DemonSlayer
./images/DemonSlayer/Luis/51.png,DemonSlayer
./images/DemonSlayer/Luis/52.png,DemonSlayer
./images/DemonSlayer/Luis/53.png,DemonSlayer
./images/DemonSlayer/Luis/54.png,DemonSlayer
./images/DemonSlayer/Luis/55.png,DemonSlayer
./images/DemonSlayer/Luis/56.png,DemonSlayer
./images/DemonSlayer/Luis/57.png,DemonSlayer
./images/DemonSlayer/Luis/58.png,DemonSlayer
./images/DemonSlayer/Luis/59.png,DemonSlayer
./images/DemonSlayer/Luis/60.png,DemonSlayer
./images/DemonSlayer/Luis/61.png,DemonSlayer
./images/DemonSlayer/Luis/62.png,DemonSlayer
./images/DemonSlayer/Luis/63.png,DemonSlayer
./images/DemonSlayer/Luis/64.png,DemonSlayer
./images/DemonSlayer/Luis/65.png,DemonSlayer
./images/DemonSlayer/Luis/66.png,DemonSlayer
./images/DemonSlayer/Luis/67.png,DemonSlayer
./images/DemonSlayer/Luis/68.png,DemonSlayer
./images/DemonSlayer/Luis/69.png,DemonSlayer
./images/DemonSlayer/Luis/70.png,DemonSlayer
./images/DemonSlayer/Luis/71.png,DemonSlayer
./images/DemonSlayer/Luis/72.png,DemonSlayer
./images/DemonSlayer/Luis/73.png,DemonSlayer
./images/DemonSlayer/Luis/74.png,DemonSlayer
./images/DemonSlayer/Luis/75.png,DemonSlayer
./images/DemonSlayer/Luis/76.png,DemonSlayer
./images/DemonSlayer/Luis/77.png,DemonSlayer
./images/DemonSlayer/Luis/78.png,DemonSlayer
./images/DemonSlayer/Luis/79.png,DemonSlayer
./images/DemonSlayer/Luis/80.png,DemonSlayer
./images/DemonSlayer/Luis/81.png,DemonSlayer
./images/DemonSlayer/Luis/82.png,DemonSlayer
./images/DemonSlayer/Luis/83.png,DemonSlayer
./images/DemonSlayer/Luis/84.png,DemonSlayer
./images/DemonSlayer/Luis/85.png,DemonSlayer
./images/DemonSlayer/Luis/86.png,DemonSlayer
./images/DemonSlayer/Luis/87.png,DemonSlayer
./images/DemonSlayer/Luis/88.png,DemonSlayer
./images/DemonSlayer/Luis/89.png,DemonSlayer
./images/DemonSlayer/Luis/90.png,DemonSlayer
./images/DemonSlayer/Luis/91.png,DemonSlayer
./images/DemonSlayer/Luis/92.png,DemonSlayer
./images/DemonSlayer/Luis/93.png,DemonSlayer
./images/DemonSlayer/Luis/94.png,DemonSlayer
./images/DemonSlayer/Luis/95.png,DemonSlayer
./images/DemonSlayer/Luis/96.png,DemonSlayer
./images/DemonSlayer/Luis/97.png,DemonSlayer
./images/DemonSlayer/Luis/98.png,DemonSlayer
./images/DemonSlayer/Luis/99.png,DemonSlayer
./images/DemonSlayer/Quique/0.png,DemonSlayer
./images/DemonSlayer/Quique/1.png,DemonSlayer
./images/DemonSlayer/Quique/2.png,DemonSlayer
./images/DemonSlayer/Quique/3.png,DemonSlayer
./images/DemonSlayer/Quique/4.png,DemonSlayer
./images/DemonSlayer/Quique/5.png,DemonSlayer
./images/DemonSlayer/Quique/6.png,DemonSlayer
./images/DemonSlayer/Quique/7.png,DemonSlayer
./images/DemonSlayer/Quique/8.png,DemonSlayer
./images/DemonSlayer/Quique/9.png,DemonSlayer
./images/DemonSlayer/Quique/10.png,DemonSlayer
./images/DemonSlayer/Quique/11.png,DemonSlayer
./images/DemonSlayer/Quique/12.png,DemonSlayer
./images/DemonSlayer/Quique/13.png,DemonSlayer
./images/DemonSlayer/Quique/14.png,DemonSlayer
./images/DemonSlayer/Quique/15.png,DemonSlayer
./images/DemonSlayer/Quique/16.png,DemonSlayer
./images/DemonSlayer/Quique/17.png,DemonSlayer
./images/DemonSlayer/Quique/18.png,DemonSlayer
./images/DemonSlayer/Quique/19.png,DemonSlayer
./images/DemonSlayer/Quique/20.png,DemonSlayer
./images/DemonSlayer/Quique/21.png,DemonSlayer
./images/DemonSlayer/Quique/22.png,DemonSlayer
./images/DemonSlayer/Quique/23.png,DemonSlayer
./images/DemonSlayer/Quique/24.png,DemonSlayer
./images/DemonSlayer/Quique/25.png,DemonSlayer
./images/DemonSlayer/Quique/26.png,DemonSlayer
./images/DemonSlayer/Quique/27.png,DemonSlayer
./images/DemonSlayer/Quique/28.png,DemonSlayer
./images/DemonSlayer/Quique/29.png,DemonSlayer
./images/DemonSlayer/Quique/30.png,DemonSlayer
./images/DemonSlayer/Quique/31.png,DemonSlayer
./images/DemonSlayer/Quique/32.png,DemonSlayer
./images/DemonSlayer/Quique/33.png,DemonSlayer
./images/DemonSlayer/Quique/34.png,DemonSlayer
./images/DemonSlayer/Quique/35.png,DemonSlayer
./images/DemonSlayer/Quique/36.png,DemonSlayer
./images/DemonSlayer/Quique/37.png,DemonSlayer
./images/DemonSlayer/Quique/38.png,DemonSlayer
./images/DemonSlayer/Quique/39.png,DemonSlayer
./images/DemonSlayer/Quique/40.png,DemonSlayer
./images/DemonSlayer/Quique/41.png,DemonSlayer
./images/DemonSlayer/Quique/42.png,DemonSlayer
./images/DemonSlayer/Quique/43.png,DemonSlayer
./images/DemonSlayer/Quique/44.png,DemonSlayer
./images/DemonSlayer/Quique/45.png,DemonSlayer
./images/DemonSlayer/Quique/46.png,DemonSlayer
./images/DemonSlayer/Quique/47.png,DemonSlayer
./images/DemonSlayer/Quique/48.png,DemonSlayer
./images/DemonSlayer/Quique/49.png,DemonSlayer
./images/DemonSlayer/Quique/50.png,DemonSlayer
./images/DemonSlayer/Quique/51.png,DemonSlayer
./images/DemonSlayer/Quique/52.png,DemonSlayer
./images/DemonSlayer/Quique/53.png,DemonSlayer
./images/DemonSlayer/Quique/54.png,DemonSlayer
./images/DemonSlayer/Quique/55.png,DemonSlayer
./images/DemonSlayer/Quique/56.png,DemonSlayer
./images/DemonSlayer/Quique/57.png,DemonSlayer
./images/DemonSlayer/Quique/58.png,DemonSlayer
./images/DemonSlayer/Quique/59.png,DemonSlayer
./images/DemonSlayer/Quique/60.png,DemonSlayer
./images/DemonSlayer/Quique/61.png,DemonSlayer
./images/DemonSlayer/Quique/62.png,DemonSlayer
./images/DemonSlayer/Quique/63.png,DemonSlayer
./images/DemonSlayer/Quique/64.png,DemonSlayer
./images/DemonSlayer/Quique/65.png,DemonSlayer
./images/DemonSlayer/Quique/66.png,DemonSlayer
./images/DemonSlayer/Quique/67.png,DemonSlayer
./images/DemonSlayer/Quique/68.png,DemonSlayer
./images/DemonSlayer/Quique/69.png,DemonSlayer
./images/DemonSlayer/Quique/70.png,DemonSlayer
./images/DemonSlayer/Quique/71.png,DemonSlayer
./images/DemonSlayer/Quique/72.png,DemonSlayer
./images/DemonSlayer/Quique/73.png,DemonSlayer
./images/DemonSlayer/Quique/74.png,DemonSlayer
./images/DemonSlayer/Quique/75.png,DemonSlayer
./images/DemonSlayer/Quique/76.png,DemonSlayer
./images/DemonSlayer/Quique/77.png,DemonSlayer
./images/DemonSlayer/Quique/78.png,DemonSlayer
./images/DemonSlayer/Quique/79.png,DemonSlayer
./images/DemonSlayer/Quique/80.png,DemonSlayer
./images/DemonSlayer/Quique/81.png,DemonSlayer
./images/DemonSlayer/Quique/82.png,DemonSlayer
./images/DemonSlayer/Quique/83.png,DemonSlayer
./images/DemonSlayer/Quique/84.png,DemonSlayer
./images/DemonSlayer/Quique/85.png,DemonSlayer
./images/DemonSlayer/Quique/86.png,DemonSlayer
./images/DemonSlayer/Quique/87.png,DemonSlayer
./images/DemonSlayer/Quique/88.png,DemonSlayer
./images/DemonSlayer/Quique/89.png,DemonSlayer
./images/DemonSlayer/Quique/90.png,DemonSlayer
./images/DemonSlayer/Quique/91.png,DemonSlayer
./images/DemonSlayer/Quique/92.png,DemonSlayer
./images/DemonSlayer/Quique/93.png,DemonSlayer
./images/DemonSlayer/Quique/94.png,DemonSlayer
./images/DemonSlayer/Quique/95.png,DemonSlayer
./images/DemonSlayer/Quique/96.png,DemonSlayer
./images/DemonSlayer/Quique/97.png,DemonSlayer
./images/DemonSlayer/Quique/98.png,DemonSlayer
./images/DemonSlayer/Quique/99.png,DemonSlayer
./images/TheSimpsons/Emilio/0.png,TheSimpsons
./images/TheSimpsons/Emilio/1.png,TheSimpsons
./images/TheSimpsons/Emilio/2.png,TheSimpsons
./images/TheSimpsons/Emilio/3.png,TheSimpsons
./images/TheSimpsons/Emilio/4.png,TheSimpsons
./images/TheSimpsons/Emilio/5.png,TheSimpsons
./images/TheSimpsons/Emilio/6.png,TheSimpsons
./images/TheSimpsons/Emilio/7.png,TheSimpsons
./images/TheSimpsons/Emilio/8.png,TheSimpsons
./images/TheSimpsons/Emilio/9.png,TheSimpsons
./images/TheSimpsons/Emilio/10.png,TheSimpsons
./images/TheSimpsons/Emilio/11.png,TheSimpsons
./images/TheSimpsons/Emilio/12.png,TheSimpsons
./images/TheSimpsons/Emilio/13.png,TheSimpsons
./images/TheSimpsons/Emilio/14.png,TheSimpsons
./images/TheSimpsons/Emilio/15.png,TheSimpsons
./images/TheSimpsons/Emilio/16.png,TheSimpsons
./images/TheSimpsons/Emilio/17.png,TheSimpsons
./images/TheSimpsons/Emilio/18.png,TheSimpsons
./images/TheSimpsons/Emilio/19.png,TheSimpsons
./images/TheSimpsons/Emilio/20.png,TheSimpsons
./images/TheSimpsons/Emilio/21.png,TheSimpsons
./images/TheSimpsons/Emilio/22.png,TheSimpsons
./images/TheSimpsons/Emilio/23.png,TheSimpsons
./images/TheSimpsons/Emilio/24.png,TheSimpsons
./images/TheSimpsons/Emilio/25.png,TheSimpsons
./images/TheSimpsons/Emilio/26.png,TheSimpsons
./images/TheSimpsons/Emilio/27.png,TheSimpsons
./images/TheSimpsons/Emilio/28.png,TheSimpsons
./images/TheSimpsons/Emilio/29.png,TheSimpsons
./images/TheSimpsons/Emilio/30.png,TheSimpsons
./images/TheSimpsons/Emilio/31.png,TheSimpsons
./images/TheSimpsons/Emilio/32.png,TheSimpsons
./images/TheSimpsons/Emilio/33.png,TheSimpsons
./images/TheSimpsons/Emilio/34.png,TheSimpsons
./images/TheSimpsons/Emilio/35.png,TheSimpsons
./images/TheSimpsons/Emilio/36.png,TheSimpsons
./images/TheSimpsons/Emilio/37.png,TheSimpsons
./images/TheSimpsons/Emilio/38.png,TheSimpsons
./images/TheSimpsons/Emilio/39.png,TheSimpsons
./images/TheSimpsons/Emilio/40.png,TheSimpsons
./images/TheSimpsons/Emilio/41.png,TheSimpsons
./images/TheSimpsons/Emilio/42.png,TheSimpsons
./images/TheSimpsons/Emilio/43.png,TheSimpsons
./images/TheSimpsons/Emilio/44.png,TheSimpsons
./images/TheSimpsons/Emilio/45.png,TheSimpsons
./images/TheSimpsons/Emilio/46.png,TheSimpsons
./images/TheSimpsons/Emilio/47.png,TheSimpsons
./images/TheSimpsons/Emilio/48.png,TheSimpsons
./images/TheSimpsons/Emilio/49.png,TheSimpsons
./images/TheSimpsons/Emilio/50.png,TheSimpsons
./images/TheSimpsons/Emilio/51.png,TheSimpsons
./images/TheSimpsons/Emilio/52.png,TheSimpsons
./images/TheSimpsons/Emilio/53.png,TheSimpsons
./images/TheSimpsons/Emilio/54.png,TheSimpsons
./images/TheSimpsons/Emilio/55.png,TheSimpsons
./images/TheSimpsons/Emilio/56.png,TheSimpsons
./images/TheSimpsons/Emilio/57.png,TheSimpsons
./images/TheSimpsons/Emilio/58.png,TheSimpsons
./images/TheSimpsons/Emilio/59.png,TheSimpsons
./images/TheSimpsons/Emilio/60.png,TheSimpsons
./images/TheSimpsons/Emilio/61.png,TheSimpsons
./images/TheSimpsons/Emilio/62.png,TheSimpsons
./images/TheSimpsons/Emilio/63.png,TheSimpsons
./images/TheSimpsons/Emilio/64.png,TheSimpsons
./images/TheSimpsons/Emilio/65.png,TheSimpsons
./images/TheSimpsons/Emilio/66.png,TheSimpsons
./images/TheSimpsons/Emilio/67.png,TheSimpsons
./images/TheSimpsons/Emilio/68.png,TheSimpsons
./images/TheSimpsons/Emilio/69.png,TheSimpsons
./images/TheSimpsons/Emilio/70.png,TheSimpsons
./images/TheSimpsons/Emilio/71.png,TheSimpsons
./images/TheSimpsons/Emilio/72.png,TheSimpsons
./images/TheSimpsons/Emilio/73.png,TheSimpsons
./images/TheSimpsons/Emilio/74.png,TheSimpsons
./images/TheSimpsons/Emilio/75.png,TheSimpsons
./images/TheSimpsons/Emilio/76.png,TheSimpsons
./images/TheSimpsons/Emilio/77.png,TheSimpsons
./images/TheSimpsons/Emilio/78.png,TheSimpsons
./images/TheSimpsons/Emilio/79.png,TheSimpsons
./images/TheSimpsons/Emilio/80.png,TheSimpsons
./images/TheSimpsons/Emilio/81.png,TheSimpsons
./images/TheSimpsons/Emilio/82.png,TheSimpsons
./images/TheSimpsons/Emilio/83.png,TheSimpsons
./images/TheSimpsons/Emilio/84.png,TheSimpsons
./images/TheSimpsons/Emilio/85.png,TheSimpsons
./images/TheSimpsons/Emilio/86.png,TheSimpsons
./images/TheSimpsons/Emilio/87.png,TheSimpsons
./images/TheSimpsons/Emilio/88.png,TheSimpsons
./images/TheSimpsons/Emilio/89.png,TheSimpsons
./images/TheSimpsons/Emilio/90.png,TheSimpsons
./images/TheSimpsons/Emilio/91.png,TheSimpsons
./images/TheSimpsons/Emilio/92.png,TheSimpsons
./images/TheSimpsons/Emilio/93.png,TheSimpsons
./images/TheSimpsons/Emilio/94.png,TheSimpsons
./images/TheSimpsons/Emilio/95.png,TheSimpsons
./images/TheSimpsons/Emilio/96.png,TheSimpsons
./images/TheSimpsons/Emilio/97.png,TheSimpsons
./images/TheSimpsons/Emilio/98.png,TheSimpsons
./images/TheSimpsons/Emilio/99.png,TheSimpsons
./images/TheSimpsons/Gabriel/0.png,TheSimpsons
./images/TheSimpsons/Gabriel/1.png,TheSimpsons
./images/TheSimpsons/Gabriel/2.png,TheSimpsons
./images/TheSimpsons/Gabriel/3.png,TheSimpsons
./images/TheSimpsons/Gabriel/4.png,TheSimpsons
./images/TheSimpsons/Gabriel/5.png,TheSimpsons
./images/TheSimpsons/Gabriel/6.png,TheSimpsons
./images/TheSimpsons/Gabriel/7.png,TheSimpsons
./images/TheSimpsons/Gabriel/8.png,TheSimpsons
./images/TheSimpsons/Gabriel/9.png,TheSimpsons
./images/TheSimpsons/Gabriel/10.png,TheSimpsons
./images/TheSimpsons/Gabriel/11.png,TheSimpsons
./images/TheSimpsons/Gabriel/12.png,TheSimpsons
./images/TheSimpsons/Gabriel/13.png,TheSimpsons
./images/TheSimpsons/Gabriel/14.png,TheSimpsons
./images/TheSimpsons/Gabriel/15.png,TheSimpsons
./images/TheSimpsons/Gabriel/16.png,TheSimpsons
./images/TheSimpsons/Gabriel/17.png,TheSimpsons
./images/TheSimpsons/Gabriel/18.png,TheSimpsons
./images/TheSimpsons/Gabriel/19.png,TheSimpsons
./images/TheSimpsons/Gabriel/20.png,TheSimpsons
./images/TheSimpsons/Gabriel/21.png,TheSimpsons
./images/TheSimpsons/Gabriel/22.png,TheSimpsons
./images/TheSimpsons/Gabriel/23.png,TheSimpsons
./images/TheSimpsons/Gabriel/24.png,TheSimpsons
./images/TheSimpsons/Gabriel/25.png,TheSimpsons
./images/TheSimpsons/Gabriel/26.png,TheSimpsons
./images/TheSimpsons/Gabriel/27.png,TheSimpsons
./images/TheSimpsons/Gabriel/28.png,TheSimpsons
./images/TheSimpsons/Gabriel/29.png,TheSimpsons
./images/TheSimpsons/Gabriel/30.png,TheSimpsons
./images/TheSimpsons/Gabriel/31.png,TheSimpsons
./images/TheSimpsons/Gabriel/32.png,TheSimpsons
./images/TheSimpsons/Gabriel/33.png,TheSimpsons
./images/TheSimpsons/Gabriel/34.png,TheSimpsons
./images/TheSimpsons/Gabriel/35.png,TheSimpsons
./images/TheSimpsons/Gabriel/36.png,TheSimpsons
./images/TheSimpsons/Gabriel/37.png,TheSimpsons
./images/TheSimpsons/Gabriel/38.png,TheSimpsons
./images/TheSimpsons/Gabriel/39.png,TheSimpsons
./images/TheSimpsons/Gabriel/40.png,TheSimpsons
./images/TheSimpsons/Gabriel/41.png,TheSimpsons
./images/TheSimpsons/Gabriel/42.png,TheSimpsons
./images/TheSimpsons/Gabriel/43.png,TheSimpsons
./images/TheSimpsons/Gabriel/44.png,TheSimpsons
./images/TheSimpsons/Gabriel/45.png,TheSimpsons
./images/TheSimpsons/Gabriel/46.png,TheSimpsons
./images/TheSimpsons/Gabriel/47.png,TheSimpsons
./images/TheSimpsons/Gabriel/48.png,TheSimpsons
./images/TheSimpsons/Gabriel/49.png,TheSimpsons
./images/TheSimpsons/Gabriel/50.png,TheSimpsons
./images/TheSimpsons/Gabriel/51.png,TheSimpsons
./images/TheSimpsons/Gabriel/52.png,TheSimpsons
./images/TheSimpsons/Gabriel/53.png,TheSimpsons
./images/TheSimpsons/Gabriel/54.png,TheSimpsons
./images/TheSimpsons/Gabriel/55.png,TheSimpsons
./images/TheSimpsons/Gabriel/56.png,TheSimpsons
./images/TheSimpsons/Gabriel/57.png,TheSimpsons
./images/TheSimpsons/Gabriel/58.png,TheSimpsons
./images/TheSimpsons/Gabriel/59.png,TheSimpsons
./images/TheSimpsons/Gabriel/60.png,TheSimpsons
./images/TheSimpsons/Gabriel/61.png,TheSimpsons
./images/TheSimpsons/Gabriel/62.png,TheSimpsons
./images/TheSimpsons/Gabriel/63.png,TheSimpsons
./images/TheSimpsons/Gabriel/64.png,TheSimpsons
./images/TheSimpsons/Gabriel/65.png,TheSimpsons
./images/TheSimpsons/Gabriel/66.png,TheSimpsons
./images/TheSimpsons/Gabriel/67.png,TheSimpsons
./images/TheSimpsons/Gabriel/68.png,TheSimpsons
./images/TheSimpsons/Gabriel/69.png,TheSimpsons
./images/TheSimpsons/Gabriel/70.png,TheSimpsons
./images/TheSimpsons/Gabriel/71.png,TheSimpsons
./images/TheSimpsons/Gabriel/72.png,TheSimpsons
./images/TheSimpsons/Gabriel/73.png,TheSimpsons
./images/TheSimpsons/Gabriel/74.png,TheSimpsons
./images/TheSimpsons/Gabriel/75.png,TheSimpsons
./images/TheSimpsons/Gabriel/76.png,TheSimpsons
./images/TheSimpsons/Gabriel/77.png,TheSimpsons
./images/TheSimpsons/Gabriel/78.png,TheSimpsons
./images/TheSimpsons/Gabriel/79.png,TheSimpsons
./images/TheSimpsons/Gabriel/80.png,TheSimpsons
./images/TheSimpsons/Gabriel/81.png,TheSimpsons
./images/TheSimpsons/Gabriel/82.png,TheSimpsons
./images/TheSimpsons/Gabriel/83.png,TheSimpsons
./images/TheSimpsons/Gabriel/84.png,TheSimpsons
./images/TheSimpsons/Gabriel/85.png,TheSimpsons
./images/TheSimpsons/Gabriel/86.png,TheSimpsons
./images/TheSimpsons/Gabriel/87.png,TheSimpsons
./images/TheSimpsons/Gabriel/88.png,TheSimpsons
./images/TheSimpsons/Gabriel/89.png,TheSimpsons
./images/TheSimpsons/Gabriel/90.png,TheSimpsons
./images/TheSimpsons/Gabriel/91.png,TheSimpsons
./images/TheSimpsons/Gabriel/92.png,TheSimpsons
./images/TheSimpsons/Gabriel/93.png,TheSimpsons
./images/TheSimpsons/Gabriel/94.png,TheSimpsons
./images/TheSimpsons/Gabriel/95.png,TheSimpsons
./images/TheSimpsons/Gabriel/96.png,TheSimpsons
./images/TheSimpsons/Gabriel/97.png,TheSimpsons
./images/TheSimpsons/Gabriel/98.png,TheSimpsons
./images/TheSimpsons/Gabriel/99.png,TheSimpsons
./images/TheSimpsons/Luis/0.png,TheSimpsons
./images/TheSimpsons/Luis/1.png,TheSimpsons
./images/TheSimpsons/Luis/2.png,TheSimpsons
./images/TheSimpsons/Luis/3.png,TheSimpsons
./images/TheSimpsons/Luis/4.png,TheSimpsons
./images/TheSimpsons/Luis/5.png,TheSimpsons
./images/TheSimpsons/Luis/6.png,TheSimpsons
./images/TheSimpsons/Luis/7.png,TheSimpsons
./images/TheSimpsons/Luis/8.png,TheSimpsons
./images/TheSimpsons/Luis/9.png,TheSimpsons
./images/TheSimpsons/Luis/10.png,TheSimpsons
./images/TheSimpsons/Luis/11.png,TheSimpsons
./images/TheSimpsons/Luis/12.png,TheSimpsons
./images/TheSimpsons/Luis/13.png,TheSimpsons
./images/TheSimpsons/Luis/14.png,TheSimpsons
./images/TheSimpsons/Luis/15.png,TheSimpsons
./images/TheSimpsons/Luis/16.png,TheSimpsons
./images/TheSimpsons/Luis/17.png,TheSimpsons
./images/TheSimpsons/Luis/18.png,TheSimpsons
./images/TheSimpsons/Luis/19.png,TheSimpsons
./images/TheSimpsons/Luis/20.png,TheSimpsons
./images/TheSimpsons/Luis/21.png,TheSimpsons
./images/TheSimpsons/Luis/22.png,TheSimpsons
./images/TheSimpsons/Luis/23.png,TheSimpsons
./images/TheSimpsons/Luis/24.png,TheSimpsons
./images/TheSimpsons/Luis/25.png,TheSimpsons
./images/TheSimpsons/Luis/26.png,TheSimpsons
./images/TheSimpsons/Luis/27.png,TheSimpsons
./images/TheSimpsons/Luis/28.png,TheSimpsons
./images/TheSimpsons/Luis/29.png,TheSimpsons
./images/TheSimpsons/Luis/30.png,TheSimpsons
./images/TheSimpsons/Luis/31.png,TheSimpsons
./images/TheSimpsons/Luis/32.png,TheSimpsons
./images/TheSimpsons/Luis/33.png,TheSimpsons
./images/TheSimpsons/Luis/34.png,TheSimpsons
./images/TheSimpsons/Luis/35.png,TheSimpsons
./images/TheSimpsons/Luis/36.png,TheSimpsons
./images/TheSimpsons/Luis/37.png,TheSimpsons
./images/TheSimpsons/Luis/38.png,TheSimpsons
./images/TheSimpsons/Luis/39.png,TheSimpsons
./images/TheSimpsons/Luis/40.png,TheSimpsons
./images/TheSimpsons/Luis/41.png,TheSimpsons
./images/TheSimpsons/Luis/42.png,TheSimpsons
./images/TheSimpsons/Luis/43.png,TheSimpsons
./images/TheSimpsons/Luis/44.png,TheSimpsons
./images/TheSimpsons/Luis/45.png,TheSimpsons
./images/TheSimpsons/Luis/46.png,TheSimpsons
./images/TheSimpsons/Luis/47.png,TheSimpsons
./images/TheSimpsons/Luis/48.png,TheSimpsons
./images/TheSimpsons/Luis/49.png,TheSimpsons
./images/TheSimpsons/Luis/50.png,TheSimpsons
./images/TheSimpsons/Luis/51.png,TheSimpsons
./images/TheSimpsons/Luis/52.png,TheSimpsons
./images/TheSimpsons/Luis/53.png,TheSimpsons
./images/TheSimpsons/Luis/54.png,TheSimpsons
./images/TheSimpsons/Luis/55.png,TheSimpsons
./images/TheSimpsons/Luis/56.png,TheSimpsons
./images/TheSimpsons/Luis/57.png,TheSimpsons
./images/TheSimpsons/Luis/58.png,TheSimpsons
./images/TheSimpsons/Luis/59.png,TheSimpsons
./images/TheSimpsons/Luis/60.png,TheSimpsons
./images/TheSimpsons/Luis/61.png,TheSimpsons
./images/TheSimpsons/Luis/62.png,TheSimpsons
./images/TheSimpsons/Luis/63.png,TheSimpsons
./images/TheSimpsons/Luis/64.png,TheSimpsons
./images/TheSimpsons/Luis/65.png,TheSimpsons
./images/TheSimpsons/Luis/66.png,TheSimpsons
./images/TheSimpsons/Luis/67.png,TheSimpsons
./images/TheSimpsons/Luis/68.png,TheSimpsons
./images/TheSimpsons/Luis/69.png,TheSimpsons
./images/TheSimpsons/Luis/70.png,TheSimpsons
./images/TheSimpsons/Luis/71.png,TheSimpsons
./images/TheSimpsons/Luis/72.png,TheSimpsons
./images/TheSimpsons/Luis/73.png,TheSimpsons
./images/TheSimpsons/Luis/74.png,TheSimpsons
./images/TheSimpsons/Luis/75.png,TheSimpsons
./images/TheSimpsons/Luis/76.png,TheSimpsons
./images/TheSimpsons/Luis/77.png,TheSimpsons
./images/TheSimpsons/Luis/78.png,TheSimpsons
./images/TheSimpsons/Luis/79.png,TheSimpsons
./images/TheSimpsons/Luis/80.png,TheSimpsons
./images/TheSimpsons/Luis/81.png,TheSimpsons
./images/TheSimpsons/Luis/82.png,TheSimpsons
./images/TheSimpsons/Luis/83.png,TheSimpsons
./images/TheSimpsons/Luis/84.png,TheSimpsons
./images/TheSimpsons/Luis/85.png,TheSimpsons
./images/TheSimpsons/Luis/86.png,TheSimpsons
./images/TheSimpsons/Luis/87.png,TheSimpsons
./images/TheSimpsons/Luis/88.png,TheSimpsons
./images/TheSimpsons/Luis/89.png,TheSimpsons
./images/TheSimpsons/Luis/90.png,TheSimpsons
./images/TheSimpsons/Luis/91.png,TheSimpsons
./images/TheSimpsons/Luis/92.png,TheSimpsons
./images/TheSimpsons/Luis/93.png,TheSimpsons
./images/TheSimpsons/Luis/94.png,TheSimpsons
./images/TheSimpsons/Luis/95.png,TheSimpsons
./images/TheSimpsons/Luis/96.png,TheSimpsons
./images/TheSimpsons/Luis/97.png,TheSimpsons
./images/TheSimpsons/Luis/98.png,TheSimpsons
./images/TheSimpsons/Luis/99.png,TheSimpsons
./images/TheSimpsons/Quique/0.png,TheSimpsons
./images/TheSimpsons/Quique/1.png,TheSimpsons
./images/TheSimpsons/Quique/2.png,TheSimpsons
./images/TheSimpsons/Quique/3.png,TheSimpsons
./images/TheSimpsons/Quique/4.png,TheSimpsons
./images/TheSimpsons/Quique/5.png,TheSimpsons
./images/TheSimpsons/Quique/6.png,TheSimpsons
./images/TheSimpsons/Quique/7.png,TheSimpsons
./images/TheSimpsons/Quique/8.png,TheSimpsons
./images/TheSimpsons/Quique/9.png,TheSimpsons
./images/TheSimpsons/Quique/10.png,TheSimpsons
./images/TheSimpsons/Quique/11.png,TheSimpsons
./images/TheSimpsons/Quique/12.png,TheSimpsons
./images/TheSimpsons/Quique/13.png,TheSimpsons
./images/TheSimpsons/Quique/14.png,TheSimpsons
./images/TheSimpsons/Quique/15.png,TheSimpsons
./images/TheSimpsons/Quique/16.png,TheSimpsons
./images/TheSimpsons/Quique/17.png,TheSimpsons
./images/TheSimpsons/Quique/18.png,TheSimpsons
./images/TheSimpsons/Quique/19.png,TheSimpsons
./images/TheSimpsons/Quique/20.png,TheSimpsons
./images/TheSimpsons/Quique/21.png,TheSimpsons
./images/TheSimpsons/Quique/22.png,TheSimpsons
./images/TheSimpsons/Quique/23.png,TheSimpsons
./images/TheSimpsons/Quique/24.png,TheSimpsons
./images/TheSimpsons/Quique/25.png,TheSimpsons
./images/TheSimpsons/Quique/26.png,TheSimpsons
./images/TheSimpsons/Quique/27.png,TheSimpsons
./images/TheSimpsons/Quique/28.png,TheSimpsons
./images/TheSimpsons/Quique/29.png,TheSimpsons
./images/TheSimpsons/Quique/30.png,TheSimpsons
./images/TheSimpsons/Quique/31.png,TheSimpsons
./images/TheSimpsons/Quique/32.png,TheSimpsons
./images/TheSimpsons/Quique/33.png,TheSimpsons
./images/TheSimpsons/Quique/34.png,TheSimpsons
./images/TheSimpsons/Quique/35.png,TheSimpsons
./images/TheSimpsons/Quique/36.png,TheSimpsons
./images/TheSimpsons/Quique/37.png,TheSimpsons
./images/TheSimpsons/Quique/38.png,TheSimpsons
./images/TheSimpsons/Quique/39.png,TheSimpsons
./images/TheSimpsons/Quique/40.png,TheSimpsons
./images/TheSimpsons/Quique/41.png,TheSimpsons
./images/TheSimpsons/Quique/42.png,TheSimpsons
./images/TheSimpsons/Quique/43.png,TheSimpsons
./images/TheSimpsons/Quique/44.png,TheSimpsons
./images/TheSimpsons/Quique/45.png,TheSimpsons
./images/TheSimpsons/Quique/46.png,TheSimpsons
./images/TheSimpsons/Quique/47.png,TheSimpsons
./images/TheSimpsons/Quique/48.png,TheSimpsons
./images/TheSimpsons/Quique/49.png,TheSimpsons
./images/TheSimpsons/Quique/50.png,TheSimpsons
./images/TheSimpsons/Quique/51.png,TheSimpsons
./images/TheSimpsons/Quique/52.png,TheSimpsons
./images/TheSimpsons/Quique/53.png,TheSimpsons
./images/TheSimpsons/Quique/54.png,TheSimpsons
./images/TheSimpsons/Quique/55.png,TheSimpsons
./images/TheSimpsons/Quique/56.png,TheSimpsons
./images/TheSimpsons/Quique/57.png,TheSimpsons
./images/TheSimpsons/Quique/58.png,TheSimpsons
./images/TheSimpsons/Quique/59.png,TheSimpsons
./images/TheSimpsons/Quique/60.png,TheSimpsons
./images/TheSimpsons/Quique/61.png,TheSimpsons
./images/TheSimpsons/Quique/62.png,TheSimpsons
./images/TheSimpsons/Quique/63.png,TheSimpsons
./images/TheSimpsons/Quique/64.png,TheSimpsons
./images/TheSimpsons/Quique/65.png,TheSimpsons
./images/TheSimpsons/Quique/66.png,TheSimpsons
./images/TheSimpsons/Quique/67.png,TheSimpsons
./images/TheSimpsons/Quique/68.png,TheSimpsons
./images/TheSimpsons/Quique/69.png,TheSimpsons
./images/TheSimpsons/Quique/70.png,TheSimpsons
./images/TheSimpsons/Quique/71.png,TheSimpsons
./images/TheSimpsons/Quique/72.png,TheSimpsons
./images/TheSimpsons/Quique/73.png,TheSimpsons
./images/TheSimpsons/Quique/74.png,TheSimpsons
./images/TheSimpsons/Quique/75.png,TheSimpsons
./images/TheSimpsons/Quique/76.png,TheSimpsons
./images/TheSimpsons/Quique/77.png,TheSimpsons
./images/TheSimpsons/Quique/78.png,TheSimpsons
./images/TheSimpsons/Quique/79.png,TheSimpsons
./images/TheSimpsons/Quique/80.png,TheSimpsons
./images/TheSimpsons/Quique/81.png,TheSimpsons
./images/TheSimpsons/Quique/82.png,TheSimpsons
./images/TheSimpsons/Quique/83.png,TheSimpsons
./images/TheSimpsons/Quique/84.png,TheSimpsons
./images/TheSimpsons/Quique/85.png,TheSimpsons
./images/TheSimpsons/Quique/86.png,TheSimpsons
./images/TheSimpsons/Quique/87.png,TheSimpsons
./images/TheSimpsons/Quique/88.png,TheSimpsons
./images/TheSimpsons/Quique/89.png,TheSimpsons
./images/TheSimpsons/Quique/90.png,TheSimpsons
./images/TheSimpsons/Quique/91.png,TheSimpsons
./images/TheSimpsons/Quique/92.png,TheSimpsons
./images/TheSimpsons/Quique/93.png,TheSimpsons
./images/TheSimpsons/Quique/94.png,TheSimpsons
./images/TheSimpsons/Quique/95.png,TheSimpsons
./images/TheSimpsons/Quique/96.png,TheSimpsons
./images/TheSimpsons/Quique/97.png,TheSimpsons
./images/TheSimpsons/Quique/98.png,TheSimpsons
./images/TheSimpsons/Quique/99.png,TheSimpsons
